Group,S5,S4,S3,S2,S1
E,10000,3333.333333,1111.111111,370.3703704,123.4567901
D,1000,333.3333333,111.1111111,37.03703704,12.34567901
C,100,33.33333333,11.11111111,3.703703704,1.234567901
B,10,3.333333333,1.111111111,0.37037037,0.12345679
A,1,0.333333333,0.111111111,0.037037037,0.012345679